key,phone,passwd
00d91e8e0cca2b76f515926a36db68f5,13641937000,pass0
00d91e8e0cca2b76f515926a36db68f5,13641937001,pass1
00d91e8e0cca2b76f515926a36db68f5,13641937002,pass2
00d91e8e0cca2b76f515926a36db68f5,13641937003,pass3
00d91e8e0cca2b76f515926a36db68f5,13641937004,pass4
00d91e8e0cca2b76f515926a36db68f5,13641937005,pass5
00d91e8e0cca2b76f515926a36db68f5,13641937006,pass6
00d91e8e0cca2b76f515926a36db68f5,13641937007,pass7
00d91e8e0cca2b76f515926a36db68f5,13641937008,pass8
00d91e8e0cca2b76f515926a36db68f5,13641937009,pass9
00d91e8e0cca2b76f515926a36db68f5,13641937010,pass10
00d91e8e0cca2b76f515926a36db68f5,13641937011,pass11
00d91e8e0cca2b76f515926a36db68f5,13641937012,pass12
00d91e8e0cca2b76f515926a36db68f5,13641937013,pass13
00d91e8e0cca2b76f515926a36db68f5,13641937014,pass14
00d91e8e0cca2b76f515926a36db68f5,13641937015,pass15
00d91e8e0cca2b76f515926a36db68f5,13641937016,pass16
00d91e8e0cca2b76f515926a36db68f5,13641937017,pass17
00d91e8e0cca2b76f515926a36db68f5,13641937018,pass18
00d91e8e0cca2b76f515926a36db68f5,13641937019,pass19
00d91e8e0cca2b76f515926a36db68f5,13641937020,pass20
00d91e8e0cca2b76f515926a36db68f5,13641937021,pass21
00d91e8e0cca2b76f515926a36db68f5,13641937022,pass22
00d91e8e0cca2b76f515926a36db68f5,13641937023,pass23
00d91e8e0cca2b76f515926a36db68f5,13641937024,pass24
00d91e8e0cca2b76f515926a36db68f5,13641937025,pass25
00d91e8e0cca2b76f515926a36db68f5,13641937026,pass26
00d91e8e0cca2b76f515926a36db68f5,13641937027,pass27
00d91e8e0cca2b76f515926a36db68f5,13641937028,pass28
00d91e8e0cca2b76f515926a36db68f5,13641937029,pass29
00d91e8e0cca2b76f515926a36db68f5,13641937030,pass30
00d91e8e0cca2b76f515926a36db68f5,13641937031,pass31
00d91e8e0cca2b76f515926a36db68f5,13641937032,pass32
00d91e8e0cca2b76f515926a36db68f5,13641937033,pass33
00d91e8e0cca2b76f515926a36db68f5,13641937034,pass34
00d91e8e0cca2b76f515926a36db68f5,13641937035,pass35
00d91e8e0cca2b76f515926a36db68f5,13641937036,pass36
00d91e8e0cca2b76f515926a36db68f5,13641937037,pass37
00d91e8e0cca2b76f515926a36db68f5,13641937038,pass38
00d91e8e0cca2b76f515926a36db68f5,13641937039,pass39
00d91e8e0cca2b76f515926a36db68f5,13641937040,pass40
00d91e8e0cca2b76f515926a36db68f5,13641937041,pass41
00d91e8e0cca2b76f515926a36db68f5,13641937042,pass42
00d91e8e0cca2b76f515926a36db68f5,13641937043,pass43
00d91e8e0cca2b76f515926a36db68f5,13641937044,pass44
00d91e8e0cca2b76f515926a36db68f5,13641937045,pass45
00d91e8e0cca2b76f515926a36db68f5,13641937046,pass46
00d91e8e0cca2b76f515926a36db68f5,13641937047,pass47
00d91e8e0cca2b76f515926a36db68f5,13641937048,pass48
00d91e8e0cca2b76f515926a36db68f5,13641937049,pass49
00d91e8e0cca2b76f515926a36db68f5,13641937050,pass50
00d91e8e0cca2b76f515926a36db68f5,13641937051,pass51
00d91e8e0cca2b76f515926a36db68f5,13641937052,pass52
00d91e8e0cca2b76f515926a36db68f5,13641937053,pass53
00d91e8e0cca2b76f515926a36db68f5,13641937054,pass54
00d91e8e0cca2b76f515926a36db68f5,13641937055,pass55
00d91e8e0cca2b76f515926a36db68f5,13641937056,pass56
00d91e8e0cca2b76f515926a36db68f5,13641937057,pass57
00d91e8e0cca2b76f515926a36db68f5,13641937058,pass58
00d91e8e0cca2b76f515926a36db68f5,13641937059,pass59
00d91e8e0cca2b76f515926a36db68f5,13641937060,pass60
00d91e8e0cca2b76f515926a36db68f5,13641937061,pass61
00d91e8e0cca2b76f515926a36db68f5,13641937062,pass62
00d91e8e0cca2b76f515926a36db68f5,13641937063,pass63
00d91e8e0cca2b76f515926a36db68f5,13641937064,pass64
00d91e8e0cca2b76f515926a36db68f5,13641937065,pass65
00d91e8e0cca2b76f515926a36db68f5,13641937066,pass66
00d91e8e0cca2b76f515926a36db68f5,13641937067,pass67
00d91e8e0cca2b76f515926a36db68f5,13641937068,pass68
00d91e8e0cca2b76f515926a36db68f5,13641937069,pass69
00d91e8e0cca2b76f515926a36db68f5,13641937070,pass70
00d91e8e0cca2b76f515926a36db68f5,13641937071,pass71
00d91e8e0cca2b76f515926a36db68f5,13641937072,pass72
00d91e8e0cca2b76f515926a36db68f5,13641937073,pass73
00d91e8e0cca2b76f515926a36db68f5,13641937074,pass74
00d91e8e0cca2b76f515926a36db68f5,13641937075,pass75
00d91e8e0cca2b76f515926a36db68f5,13641937076,pass76
00d91e8e0cca2b76f515926a36db68f5,13641937077,pass77
00d91e8e0cca2b76f515926a36db68f5,13641937078,pass78
00d91e8e0cca2b76f515926a36db68f5,13641937079,pass79
00d91e8e0cca2b76f515926a36db68f5,13641937080,pass80
00d91e8e0cca2b76f515926a36db68f5,13641937081,pass81
00d91e8e0cca2b76f515926a36db68f5,13641937082,pass82
00d91e8e0cca2b76f515926a36db68f5,13641937083,pass83
00d91e8e0cca2b76f515926a36db68f5,13641937084,pass84
00d91e8e0cca2b76f515926a36db68f5,13641937085,pass85
00d91e8e0cca2b76f515926a36db68f5,13641937086,pass86
00d91e8e0cca2b76f515926a36db68f5,13641937087,pass87
00d91e8e0cca2b76f515926a36db68f5,13641937088,pass88
00d91e8e0cca2b76f515926a36db68f5,13641937089,pass89
00d91e8e0cca2b76f515926a36db68f5,13641937090,pass90
00d91e8e0cca2b76f515926a36db68f5,13641937091,pass91
00d91e8e0cca2b76f515926a36db68f5,13641937092,pass92
00d91e8e0cca2b76f515926a36db68f5,13641937093,pass93
00d91e8e0cca2b76f515926a36db68f5,13641937094,pass94
00d91e8e0cca2b76f515926a36db68f5,13641937095,pass95
00d91e8e0cca2b76f515926a36db68f5,13641937096,pass96
00d91e8e0cca2b76f515926a36db68f5,13641937097,pass97
00d91e8e0cca2b76f515926a36db68f5,13641937098,pass98
00d91e8e0cca2b76f515926a36db68f5,13641937099,pass99
